t_sec,label,neck_from_vertical,trunk_from_vertical,left_hip_angle,right_hip_angle,left_knee_angle,right_knee_angle,left_shoulder_elev,right_shoulder_elev
1.01,NotSeated,179.55,179.2,167.31,177.57,179.53,176.41,18.69,20.38
2.01,NotSeated,165.37,179.12,168.25,177.8,178.97,176.3,18.54,18.89
3.0,NotSeated,173.28,179.22,168.47,177.42,178.4,177.78,16.99,20.05
4.03,NotSeated,179.68,179.82,168.42,176.17,179.32,178.09,19.59,19.0
5.01,NotSeated,178.2,179.69,170.28,178.43,179.47,174.75,18.78,17.39
6.01,NotSeated,172.57,179.29,169.53,177.74,178.25,177.1,17.12,19.86
7.0,NotSeated,173.11,178.6,169.02,177.57,178.26,178.03,15.41,20.69
8.01,NotSeated,174.33,179.15,170.1,176.59,178.14,177.04,18.97,18.55
9.01,NotSeated,178.82,179.75,168.49,178.23,177.66,177.04,18.14,17.96
10.0,NotSeated,176.2,179.66,167.88,177.67,178.56,178.59,18.93,18.67
11.01,NotSeated,177.93,179.76,168.65,177.84,178.29,176.14,17.71,18.52
12.01,NotSeated,176.16,177.13,173.09,176.6,177.77,179.36,76.97,67.55
13.01,NotSeated,174.22,177.64,174.0,175.31,177.91,179.54,59.15,61.27
14.03,NotSeated,176.35,178.24,176.11,178.08,177.28,179.35,44.32,25.61
15.01,NotSeated,171.35,179.65,172.44,174.62,177.72,179.15,11.55,15.33
16.03,NotSeated,164.04,179.65,171.52,174.81,178.27,179.0,11.99,17.05
17.01,NotSeated,162.52,178.02,164.01,172.81,176.69,174.15,32.87,22.08
18.03,NotSeated,175.5,176.08,176.76,173.13,179.06,178.5,88.49,18.3
19.01,NotSeated,171.34,177.7,173.92,173.44,177.43,177.73,22.7,14.57
20.05,NotSeated,172.75,178.79,176.18,171.26,177.02,178.95,13.0,7.7
21.01,NotSeated,167.14,178.48,174.21,175.06,178.62,179.63,17.64,10.27
22.0,NotSeated,168.78,179.19,178.91,175.68,178.39,178.06,16.16,48.03
23.01,NotSeated,172.84,179.1,172.57,171.16,176.0,177.79,11.75,15.81
24.01,NotSeated,172.93,179.15,173.07,173.7,178.21,179.85,12.94,15.99
25.01,NotSeated,173.54,178.88,173.65,173.24,177.21,179.85,10.08,18.6
26.01,NotSeated,178.28,179.49,173.8,172.69,177.19,179.16,9.72,14.85
27.0,NotSeated,178.34,179.8,173.44,172.79,177.36,179.07,10.94,15.47
28.0,NotSeated,176.32,179.11,173.51,173.73,176.9,178.47,13.49,17.99
29.01,NotSeated,177.71,179.3,174.38,176.88,176.03,179.14,14.12,18.4
30.03,NotSeated,178.54,179.87,173.15,172.34,177.45,178.02,14.08,16.33
31.01,NotSeated,177.46,179.9,173.08,172.47,177.86,178.45,11.54,16.97
