timestamp,t_sec,body_state,upper_body,lower_visible,lean_side,trunk_deg,neck_deg,knee_L,knee_R,hip_L,hip_R,overall_quality_score,risk_level
2025-08-19T20:56:13.618539,1.0,Unknown,Neutral,False,,1.3,2.1,179.6,179.0,169.9,179.0,62.1,Medium
2025-08-19T20:56:13.652491,1.03,Unknown,Neutral,False,,1.2,2.4,179.6,179.0,169.8,179.2,61.9,Medium
2025-08-19T20:56:13.686753,1.06,Unknown,Neutral,False,,1.1,2.7,179.6,179.0,169.8,179.3,62.1,Medium
2025-08-19T20:56:13.720644,1.11,Unknown,Neutral,False,,1.1,2.9,179.6,179.0,169.8,179.4,62.3,Medium
2025-08-19T20:56:13.755103,1.14,Unknown,Neutral,False,,1.0,3.2,179.7,178.9,169.8,179.5,62.8,Medium
2025-08-19T20:56:13.788184,1.17,Unknown,Neutral,False,,0.9,3.3,179.8,178.8,169.8,179.4,63.2,Medium
2025-08-19T20:56:13.823998,1.2,Unknown,Neutral,False,,0.9,3.3,179.7,178.7,169.7,179.3,63.3,Medium
2025-08-19T20:56:13.856632,1.23,Unknown,Neutral,False,,0.9,3.1,179.6,178.7,169.6,179.2,63.4,Medium
2025-08-19T20:56:13.890678,1.27,Unknown,Neutral,False,,0.9,2.7,179.5,179.0,169.6,179.2,63.3,Medium
2025-08-19T20:56:13.925156,1.31,Unknown,Neutral,False,,0.9,2.1,179.4,179.2,169.4,179.2,63.0,Medium
2025-08-19T20:56:13.958453,1.34,Unknown,Neutral,False,,0.8,1.8,179.5,179.1,169.1,179.1,62.8,Medium
2025-08-19T20:56:13.992556,1.38,Unknown,Neutral,False,,0.8,1.5,179.6,178.9,169.0,179.0,62.4,Medium
2025-08-19T20:56:14.026463,1.41,Unknown,Neutral,False,,0.7,1.2,179.7,178.7,169.0,179.0,62.1,Medium
2025-08-19T20:56:14.069200,1.45,Unknown,Neutral,False,,0.8,1.0,179.7,178.7,169.0,179.0,61.8,Medium
2025-08-19T20:56:14.103050,1.48,Unknown,Neutral,False,,0.8,0.9,179.8,178.7,169.0,179.0,61.7,Medium
2025-08-19T20:56:14.137171,1.52,Unknown,Neutral,False,,0.8,1.0,179.8,178.7,169.1,179.0,61.6,Medium
2025-08-19T20:56:14.172119,1.55,Unknown,Neutral,False,,0.9,1.2,179.8,178.6,169.3,179.1,61.6,Medium
2025-08-19T20:56:14.204636,1.59,Unknown,Neutral,False,,0.9,1.4,179.9,178.7,169.3,179.1,61.8,Medium
2025-08-19T20:56:14.238522,1.62,Unknown,Neutral,False,,0.8,1.6,179.9,178.7,169.3,179.1,62.4,Medium
2025-08-19T20:56:14.272868,1.66,Unknown,Neutral,False,,0.8,1.8,179.9,178.7,169.4,179.1,62.8,Medium
2025-08-19T20:56:14.306807,1.69,Unknown,Neutral,False,,0.8,1.9,179.8,178.8,169.3,179.1,63.1,Medium
2025-08-19T20:56:14.340159,1.72,Unknown,Neutral,False,,0.8,1.9,179.7,178.7,169.3,179.2,63.2,Medium
2025-08-19T20:56:14.372884,1.75,Unknown,Neutral,False,,0.7,1.8,179.6,178.7,169.3,179.2,63.0,Medium
2025-08-19T20:56:14.406749,1.78,Unknown,Neutral,False,,0.7,1.7,179.5,178.7,169.3,179.2,62.9,Medium
2025-08-19T20:56:14.440816,1.83,Unknown,Neutral,False,,0.7,1.6,179.6,178.8,169.2,179.1,62.8,Medium
2025-08-19T20:56:14.474600,1.86,Unknown,Neutral,False,,0.7,1.6,179.6,178.8,169.2,179.0,62.9,Medium
2025-08-19T20:56:14.507846,1.89,Unknown,Neutral,False,,0.7,1.5,179.6,178.8,169.0,178.8,62.8,Medium
2025-08-19T20:56:14.541522,1.92,Unknown,Neutral,False,,0.7,1.4,179.7,178.7,169.0,178.6,62.5,Medium
2025-08-19T20:56:14.575434,1.95,Unknown,Neutral,False,,0.7,1.3,179.7,178.6,169.0,178.5,62.4,Medium
2025-08-19T20:56:14.609546,1.98,Unknown,Neutral,False,,0.8,1.1,179.8,178.6,169.0,178.5,62.5,Medium
2025-08-19T20:56:14.643887,2.03,Unknown,Neutral,False,,0.9,0.9,179.8,178.6,169.1,178.5,62.5,Medium
2025-08-19T20:56:14.678146,2.06,Unknown,Neutral,False,,0.9,0.7,179.8,178.7,169.2,178.5,62.8,Medium
2025-08-19T20:56:14.712251,2.09,Unknown,Neutral,False,,1.1,0.9,179.7,178.7,169.5,178.5,62.9,Medium
2025-08-19T20:56:14.746446,2.12,Unknown,Neutral,False,,1.3,1.3,179.8,178.8,169.8,178.6,62.9,Medium
2025-08-19T20:56:14.780064,2.16,Unknown,Neutral,False,,1.5,1.8,179.8,178.9,170.1,178.7,62.8,Medium
2025-08-19T20:56:14.812976,2.19,Unknown,Neutral,False,,1.6,2.4,179.8,178.8,170.5,178.9,62.9,Medium
2025-08-19T20:56:14.847198,2.23,Unknown,Neutral,False,,1.7,2.9,179.8,178.7,170.8,179.1,63.0,Medium
2025-08-19T20:56:14.882954,2.27,Unknown,Neutral,False,,1.8,3.4,179.8,178.5,171.2,179.2,63.1,Medium
2025-08-19T20:56:14.915327,2.3,Unknown,Neutral,False,,1.9,3.7,179.9,178.4,171.6,179.3,63.0,Medium
2025-08-19T20:56:14.949345,2.33,Unknown,Neutral,False,,1.8,4.0,179.8,178.3,171.6,179.4,62.5,Medium
2025-08-19T20:56:14.987357,2.38,Unknown,Neutral,False,,1.7,4.0,179.7,178.1,171.2,179.5,61.3,Medium
2025-08-19T20:56:15.017598,2.41,Unknown,Neutral,False,,1.7,4.1,179.6,178.2,170.9,179.6,59.9,High
2025-08-19T20:56:15.051889,2.44,Unknown,RaisedShoulders,False,,1.8,4.1,179.5,178.2,170.5,179.6,56.9,High
2025-08-19T20:56:15.085768,2.47,Unknown,RaisedShoulders,False,,1.8,4.3,179.3,178.0,170.5,179.5,54.3,High
2025-08-19T20:56:15.119796,2.5,Unknown,RaisedShoulders,False,,1.7,4.4,179.2,177.7,170.2,179.5,52.5,High
2025-08-19T20:56:15.153912,2.53,Unknown,RaisedShoulders,False,,1.5,4.8,179.1,177.3,170.0,179.5,51.2,High
2025-08-19T20:56:15.187621,2.56,Unknown,RaisedShoulders,False,,1.3,5.1,179.0,176.7,169.8,179.6,50.1,High
2025-08-19T20:56:15.225096,2.61,Unknown,RaisedShoulders,False,,1.3,5.4,179.0,176.1,169.7,179.7,49.4,High
2025-08-19T20:56:15.255529,2.64,Unknown,RaisedShoulders,False,,1.3,5.4,179.0,175.8,169.6,179.7,49.0,High
2025-08-19T20:56:15.289617,2.67,Unknown,RaisedShoulders,False,,1.3,5.3,179.2,175.7,169.5,179.6,49.6,High
2025-08-19T20:56:15.325146,2.7,Unknown,RaisedShoulders,False,,1.5,5.3,179.3,176.2,169.6,179.7,51.2,High
2025-08-19T20:56:15.357402,2.73,Unknown,RaisedShoulders,False,,1.6,5.7,179.4,176.9,170.0,179.3,54.3,High
2025-08-19T20:56:15.391308,2.77,Unknown,RaisedShoulders,False,,1.7,6.5,179.4,177.5,170.3,179.1,56.7,High
2025-08-19T20:56:15.425030,2.81,Unknown,Neutral,False,,1.7,7.4,179.4,177.8,170.7,178.8,58.8,High
2025-08-19T20:56:15.459335,2.84,Unknown,Neutral,False,,1.7,8.2,179.4,178.1,171.0,178.4,60.6,Medium
2025-08-19T20:56:15.493150,2.88,Unknown,Neutral,False,,1.7,9.0,179.4,178.5,171.2,177.9,62.4,Medium
2025-08-19T20:56:15.527112,2.91,Unknown,Neutral,False,,1.6,9.5,179.2,178.7,171.4,177.5,63.8,Medium
2025-08-19T20:56:15.564499,2.95,Unknown,Neutral,False,,1.4,9.6,179.0,178.7,171.4,177.1,64.9,Medium
2025-08-19T20:56:15.588561,2.97,Unknown,Neutral,False,,1.3,9.6,179.0,178.8,171.2,176.9,65.5,Medium
2025-08-19T20:56:15.623121,3.0,Unknown,Neutral,False,,1.3,9.8,179.0,178.9,170.9,177.0,65.8,Medium
2025-08-19T20:56:15.657092,3.03,Unknown,Neutral,False,,1.3,9.8,179.0,178.9,170.6,177.0,66.1,Medium
2025-08-19T20:56:15.683437,3.06,Unknown,Neutral,False,,1.3,9.7,179.1,179.0,170.3,177.0,66.4,Medium
2025-08-19T20:56:15.717414,3.09,Unknown,Neutral,False,,1.3,9.3,179.3,179.2,170.0,177.2,66.6,Medium
2025-08-19T20:56:15.755049,3.14,Unknown,Neutral,False,,1.4,9.2,179.4,179.4,169.8,177.3,66.7,Medium
2025-08-19T20:56:15.786036,3.17,Unknown,Neutral,False,,1.5,9.1,179.4,179.4,169.7,177.3,66.7,Medium
2025-08-19T20:56:15.820392,3.2,Unknown,Neutral,False,,1.7,9.4,179.3,179.3,169.9,177.3,66.9,Medium
2025-08-19T20:56:15.854336,3.23,Unknown,Neutral,False,,1.8,9.7,179.4,179.4,170.0,177.2,67.0,Medium
2025-08-19T20:56:15.888598,3.27,Unknown,Neutral,False,,1.9,10.3,179.4,179.3,170.2,177.2,67.3,Medium
2025-08-19T20:56:15.921920,3.3,Unknown,Neutral,False,,1.9,10.9,179.4,179.1,170.2,177.4,67.4,Medium
2025-08-19T20:56:15.955995,3.34,Unknown,Neutral,False,,1.9,11.5,179.5,178.8,170.2,177.6,67.4,Medium
2025-08-19T20:56:15.990250,3.38,Unknown,Neutral,False,,1.9,12.1,179.5,178.6,170.2,177.9,67.2,Medium
2025-08-19T20:56:16.030496,3.41,Unknown,Neutral,False,,1.9,12.8,179.5,178.4,170.3,178.1,66.6,Medium
2025-08-19T20:56:16.060855,3.44,Unknown,Neutral,False,,1.8,13.5,179.6,178.3,170.3,178.4,65.9,Medium
2025-08-19T20:56:16.092086,3.47,Unknown,Neutral,False,,1.7,14.0,179.6,178.3,170.4,178.6,65.0,Medium
2025-08-19T20:56:16.126168,3.52,Unknown,Neutral,False,,1.5,14.5,179.6,178.2,170.4,178.8,62.9,Medium
2025-08-19T20:56:16.160265,3.55,Unknown,Neutral,False,,1.2,15.0,179.6,178.3,170.5,178.6,59.4,High
2025-08-19T20:56:16.194578,3.58,Unknown,RaisedShoulders,False,,1.0,15.3,179.6,178.4,170.5,178.6,55.8,High
2025-08-19T20:56:16.226165,3.61,Unknown,RaisedShoulders,False,,0.7,15.9,178.9,176.3,169.9,178.1,53.2,High
2025-08-19T20:56:16.260065,3.64,Unknown,RaisedShoulders,False,,0.9,16.4,179.0,173.6,169.4,176.5,54.5,High
2025-08-19T20:56:16.294073,3.67,Unknown,RaisedShoulders,False,,1.2,15.9,178.3,173.2,170.8,176.8,55.2,High
2025-08-19T20:56:16.328288,3.7,Unknown,RaisedShoulders,False,,1.3,15.1,177.6,173.7,172.3,177.5,55.6,High
2025-08-19T20:56:16.364196,3.75,Unknown,RaisedShoulders,False,,1.4,14.1,177.3,174.7,173.4,177.6,57.3,High
2025-08-19T20:56:16.400701,3.78,Unknown,Neutral,False,,1.3,13.5,177.2,175.6,174.3,177.0,59.8,High
2025-08-19T20:56:16.443744,3.83,Unknown,Neutral,False,,1.0,13.3,177.4,176.6,175.0,176.7,62.2,Medium
2025-08-19T20:56:16.481317,3.86,Unknown,Neutral,False,,0.8,13.2,177.6,177.4,175.2,176.7,64.5,Medium
2025-08-19T20:56:16.511449,3.89,Unknown,Neutral,False,,0.7,13.1,177.9,178.1,175.2,176.4,65.5,Medium
2025-08-19T20:56:16.545653,3.92,Unknown,Neutral,False,,0.5,13.1,178.0,178.3,175.2,175.8,66.1,Medium
2025-08-19T20:56:16.579762,3.97,Unknown,Neutral,False,,0.6,12.9,178.1,178.7,174.8,175.8,66.3,Medium
2025-08-19T20:56:16.616840,4.0,Unknown,Neutral,False,,0.7,12.2,178.3,178.4,174.9,176.3,63.1,Medium
2025-08-19T20:56:16.646725,4.03,Unknown,Neutral,False,,0.8,12.8,178.0,178.1,174.6,176.6,64.3,Medium
2025-08-19T20:56:16.696228,4.08,Unknown,Neutral,False,,0.7,13.6,178.1,177.9,174.0,177.0,62.1,Medium
2025-08-19T20:56:16.730590,4.11,Unknown,Neutral,False,,0.7,14.3,178.4,177.9,173.4,177.3,61.1,Medium
2025-08-19T20:56:16.764328,4.14,Unknown,Neutral,False,,0.6,14.8,178.7,177.5,172.6,177.8,59.0,High
2025-08-19T20:56:16.797322,4.17,Unknown,RaisedShoulders,False,,0.5,15.1,178.9,177.6,171.8,178.2,57.3,High
2025-08-19T20:56:16.830538,4.22,Unknown,RaisedShoulders,False,,0.4,15.3,179.0,177.7,171.1,178.3,56.3,High
2025-08-19T20:56:16.864268,4.25,Unknown,RaisedShoulders,False,,0.4,15.5,179.1,178.0,170.7,178.2,57.1,High
2025-08-19T20:56:16.898269,4.28,Unknown,RaisedShoulders,False,,0.3,15.5,179.3,178.3,170.3,178.0,57.6,High
2025-08-19T20:56:16.934655,4.31,Unknown,Neutral,False,,0.3,15.3,179.3,178.7,170.2,177.7,59.1,High
2025-08-19T20:56:16.965311,4.34,Unknown,Neutral,False,,0.5,14.9,179.3,179.0,170.2,177.4,60.8,Medium
2025-08-19T20:56:16.998296,4.38,Unknown,Neutral,False,,0.6,13.9,179.3,179.1,170.1,177.3,62.1,Medium
2025-08-19T20:56:17.039705,4.42,Unknown,Neutral,False,,0.7,12.8,179.3,179.3,170.1,177.0,63.3,Medium
2025-08-19T20:56:17.074462,4.45,Unknown,Neutral,False,,0.8,11.4,179.3,179.4,170.1,176.9,64.2,Medium
2025-08-19T20:56:17.114253,4.5,Unknown,Neutral,False,,0.9,10.3,179.3,179.5,170.1,176.8,64.7,Medium
2025-08-19T20:56:17.147689,4.53,Unknown,Neutral,False,,0.9,9.3,179.3,179.5,170.1,176.7,65.0,Medium
2025-08-19T20:56:17.179303,4.56,Unknown,Neutral,False,,0.9,8.3,179.3,179.6,170.2,176.6,65.3,Medium
2025-08-19T20:56:17.207668,4.59,Unknown,Neutral,False,,0.9,7.3,179.3,179.7,170.1,176.5,65.7,Medium
2025-08-19T20:56:17.236948,4.62,Unknown,Neutral,False,,0.7,6.6,179.4,179.6,170.0,176.5,66.0,Medium
2025-08-19T20:56:17.273228,4.66,Unknown,Neutral,False,,0.6,5.9,179.3,179.5,170.0,176.6,66.2,Medium
2025-08-19T20:56:17.341377,4.72,Unknown,Neutral,False,,0.4,5.5,179.3,179.5,169.8,176.8,66.3,Medium
2025-08-19T20:56:17.389213,4.77,Unknown,Neutral,False,,0.3,5.1,179.3,179.5,169.9,176.8,66.4,Medium
2025-08-19T20:56:17.425545,4.81,Unknown,Neutral,False,,0.3,4.9,179.3,179.5,169.9,176.7,66.6,Medium
2025-08-19T20:56:17.452132,4.83,Unknown,Neutral,False,,0.3,4.5,179.2,179.5,169.9,176.8,66.6,Medium
2025-08-19T20:56:17.482150,4.86,Unknown,Neutral,False,,0.2,4.2,179.2,179.5,169.8,176.8,66.6,Medium
2025-08-19T20:56:17.516544,4.89,Unknown,Neutral,False,,0.2,3.8,179.1,179.6,169.8,176.8,66.7,Medium
2025-08-19T20:56:17.549310,4.94,Unknown,Neutral,False,,0.1,3.5,179.0,179.6,169.9,176.7,66.7,Medium
2025-08-19T20:56:17.579395,4.97,Unknown,Neutral,False,,0.1,3.2,179.0,179.7,169.9,176.7,66.7,Medium
2025-08-19T20:56:17.610306,4.98,Unknown,Neutral,False,,0.2,2.9,178.9,179.8,169.8,176.7,66.6,Medium
2025-08-19T20:56:17.636090,5.02,Unknown,Neutral,False,,0.2,2.6,178.9,179.8,169.8,176.8,66.4,Medium
2025-08-19T20:56:17.672186,5.05,Unknown,Neutral,False,,0.2,2.4,178.8,179.9,169.7,176.8,66.4,Medium
2025-08-19T20:56:17.708871,5.09,Unknown,Neutral,False,,0.2,2.1,178.8,179.9,169.7,176.8,66.3,Medium
2025-08-19T20:56:17.751839,5.12,Unknown,Neutral,False,,0.2,1.8,178.8,179.9,169.7,176.7,66.3,Medium
2025-08-19T20:56:17.790529,5.17,Unknown,Neutral,False,,0.2,1.5,178.8,179.9,169.7,176.7,66.3,Medium
2025-08-19T20:56:17.817819,5.2,Unknown,Neutral,False,,0.2,1.2,178.8,179.9,169.7,176.7,66.4,Medium
2025-08-19T20:56:17.858614,5.23,Unknown,Neutral,False,,0.1,1.0,178.8,179.9,169.7,176.7,66.4,Medium
2025-08-19T20:56:17.894311,5.28,Unknown,Neutral,False,,0.2,0.8,178.8,179.9,169.7,176.6,66.4,Medium
2025-08-19T20:56:17.930812,5.31,Unknown,Neutral,False,,0.2,0.6,178.8,179.8,169.6,176.6,66.4,Medium
2025-08-19T20:56:17.966895,5.34,Unknown,Neutral,False,,0.2,0.5,178.8,179.8,169.6,176.7,66.4,Medium
2025-08-19T20:56:18.000534,5.38,Unknown,Neutral,False,,0.2,0.4,178.9,179.8,169.6,176.6,66.5,Medium
2025-08-19T20:56:18.048226,5.42,Unknown,Neutral,False,,0.2,0.3,178.9,179.8,169.6,176.5,66.5,Medium
2025-08-19T20:56:18.086350,5.47,Unknown,Neutral,False,,0.2,0.2,179.0,179.7,169.6,176.5,66.6,Medium
2025-08-19T20:56:18.126678,5.52,Unknown,Neutral,False,,0.2,0.2,179.0,179.7,169.6,176.5,66.6,Medium
2025-08-19T20:56:18.176652,5.56,Unknown,Neutral,False,,0.2,0.2,179.1,179.7,169.5,176.6,66.5,Medium
2025-08-19T20:56:18.222386,5.59,Unknown,Neutral,False,,0.2,0.2,179.1,179.7,169.5,176.6,66.6,Medium
2025-08-19T20:56:18.248517,5.62,Unknown,Neutral,False,,0.2,0.6,179.1,179.7,169.5,176.6,66.5,Medium
2025-08-19T20:56:18.285268,5.67,Unknown,Neutral,False,,0.2,1.0,179.1,179.8,169.4,176.7,66.5,Medium
2025-08-19T20:56:18.318226,5.7,Unknown,Neutral,False,,0.2,1.5,179.1,179.8,169.4,176.8,66.4,Medium
2025-08-19T20:56:18.350373,5.73,Unknown,Neutral,False,,0.2,2.0,179.1,179.8,169.3,176.9,66.4,Medium
2025-08-19T20:56:18.375841,5.75,Unknown,Neutral,False,,0.2,2.6,179.0,179.9,169.3,176.9,66.4,Medium
2025-08-19T20:56:18.411600,5.8,Unknown,Neutral,False,,0.2,3.2,179.1,179.9,169.3,176.9,66.4,Medium
2025-08-19T20:56:18.442896,5.83,Unknown,Neutral,False,,0.2,3.7,179.1,179.9,169.4,176.9,66.4,Medium
2025-08-19T20:56:18.489743,5.88,Unknown,Neutral,False,,0.2,4.3,179.2,179.9,169.4,176.9,66.4,Medium
2025-08-19T20:56:18.518420,5.91,Unknown,Neutral,False,,0.2,4.9,179.1,179.8,169.5,176.8,66.3,Medium
2025-08-19T20:56:18.550562,5.94,Unknown,Neutral,False,,0.2,5.5,179.1,179.7,169.6,176.7,66.4,Medium
2025-08-19T20:56:18.582091,5.97,Unknown,Neutral,False,,0.3,6.1,178.9,179.5,169.7,176.6,66.3,Medium
2025-08-19T20:56:18.614171,6.0,Unknown,Neutral,False,,0.4,6.7,178.7,179.4,169.8,176.7,66.1,Medium
2025-08-19T20:56:18.646073,6.03,Unknown,Neutral,False,,0.4,7.5,178.6,179.1,169.9,176.5,66.1,Medium
2025-08-19T20:56:18.681044,6.06,Unknown,Neutral,False,,0.5,8.2,178.4,178.8,170.1,176.3,66.1,Medium
2025-08-19T20:56:18.711101,6.09,Unknown,Neutral,False,,0.5,8.7,178.1,178.3,170.4,176.0,66.1,Medium
2025-08-19T20:56:18.740705,6.12,Unknown,Neutral,False,,0.7,9.1,177.9,178.0,170.5,175.9,65.9,Medium
2025-08-19T20:56:18.773937,6.16,Unknown,Neutral,False,,0.8,9.5,177.7,177.7,170.7,175.7,65.8,Medium
2025-08-19T20:56:18.808388,6.19,Unknown,Neutral,False,,0.9,9.9,177.4,177.5,170.8,175.5,65.7,Medium
2025-08-19T20:56:18.852929,6.23,Unknown,Neutral,False,,1.0,10.2,177.2,177.4,170.9,175.3,65.5,Medium
2025-08-19T20:56:18.888426,6.27,Unknown,Neutral,False,,1.1,10.3,177.0,177.3,171.1,175.2,65.4,Medium
2025-08-19T20:56:18.919740,6.3,Unknown,Neutral,False,,1.1,10.6,176.8,177.2,171.3,175.0,65.4,Medium
2025-08-19T20:56:18.951748,6.33,Unknown,Neutral,False,,1.2,10.7,176.6,177.1,171.5,174.9,65.3,Medium
2025-08-19T20:56:18.983392,6.36,Unknown,Neutral,False,,1.3,10.8,176.6,177.1,171.7,174.9,65.1,Medium
2025-08-19T20:56:19.016372,6.39,Unknown,Neutral,False,,1.4,10.9,176.6,177.2,171.7,175.0,64.8,Medium
2025-08-19T20:56:19.046391,6.42,Unknown,Neutral,False,,1.5,11.0,176.6,177.3,171.8,175.1,64.4,Medium
2025-08-19T20:56:19.080939,6.47,Unknown,Neutral,False,,1.5,11.2,176.6,177.4,171.9,175.2,64.2,Medium
2025-08-19T20:56:19.117915,6.5,Unknown,Neutral,False,,1.5,11.4,176.8,177.6,172.0,175.3,64.1,Medium
2025-08-19T20:56:19.150814,6.53,Unknown,Neutral,False,,1.5,11.3,176.9,177.5,172.1,175.3,64.1,Medium
2025-08-19T20:56:19.181883,6.56,Unknown,Neutral,False,,1.5,11.0,176.9,177.5,172.2,175.2,64.1,Medium
2025-08-19T20:56:19.232521,6.61,Unknown,Neutral,False,,1.3,10.7,177.2,177.3,172.6,175.0,64.5,Medium
2025-08-19T20:56:19.276752,6.66,Unknown,Neutral,False,,1.1,10.4,177.5,177.3,172.8,174.9,64.5,Medium
2025-08-19T20:56:19.321040,6.7,Unknown,Neutral,False,,1.0,10.0,177.6,177.2,173.1,174.6,64.5,Medium
2025-08-19T20:56:19.349553,6.73,Unknown,Neutral,False,,0.9,9.7,177.7,177.2,173.3,174.3,64.7,Medium
2025-08-19T20:56:19.377446,6.77,Unknown,Neutral,False,,0.8,9.2,177.8,177.0,173.3,174.1,64.7,Medium
2025-08-19T20:56:19.414587,6.8,Unknown,Neutral,False,,0.9,8.8,177.8,176.9,173.2,173.9,64.8,Medium
2025-08-19T20:56:19.456198,6.84,Unknown,Neutral,False,,1.1,8.3,177.6,176.7,173.2,173.8,64.7,Medium
2025-08-19T20:56:19.496993,6.88,Unknown,Neutral,False,,1.3,7.9,177.4,176.7,173.3,173.9,64.6,Medium
2025-08-19T20:56:19.529457,6.91,Unknown,Neutral,False,,1.5,7.6,177.3,176.6,173.4,173.9,64.4,Medium
2025-08-19T20:56:19.557074,6.94,Unknown,Neutral,False,,1.6,7.4,177.2,176.6,173.6,173.8,64.5,Medium
2025-08-19T20:56:19.591604,6.97,Unknown,Neutral,False,,1.7,7.2,177.2,176.6,173.8,173.6,64.4,Medium
2025-08-19T20:56:19.615446,7.0,Unknown,Neutral,False,,1.7,7.1,177.2,176.7,174.0,173.4,64.2,Medium
2025-08-19T20:56:19.645046,7.03,Unknown,Neutral,False,,1.8,7.1,177.2,176.7,174.0,173.2,64.0,Medium
2025-08-19T20:56:19.667551,7.05,Unknown,Neutral,False,,1.8,7.2,177.3,176.9,174.0,173.2,63.9,Medium
2025-08-19T20:56:19.693854,7.08,Unknown,Neutral,False,,1.9,7.5,177.4,177.2,174.0,173.2,63.9,Medium
2025-08-19T20:56:19.719674,7.09,Unknown,Neutral,False,,1.9,7.7,177.4,177.4,174.0,173.3,63.9,Medium
2025-08-19T20:56:19.748073,7.12,Unknown,Neutral,False,,2.0,7.9,177.5,177.6,174.0,173.3,63.8,Medium
2025-08-19T20:56:19.787156,7.17,Unknown,Neutral,False,,2.0,7.9,177.6,177.9,174.0,173.3,63.6,Medium
2025-08-19T20:56:19.813567,7.2,Unknown,Neutral,False,,2.0,8.0,177.7,178.1,174.1,173.3,63.6,Medium
2025-08-19T20:56:19.845204,7.23,Unknown,Neutral,False,,2.0,8.1,177.7,178.1,174.2,173.2,63.5,Medium
2025-08-19T20:56:19.877473,7.27,Unknown,Neutral,False,,2.0,8.1,177.8,178.2,174.2,173.2,63.5,Medium
2025-08-19T20:56:19.909226,7.3,Unknown,Neutral,False,,2.0,8.2,177.8,178.3,174.3,173.2,63.5,Medium
2025-08-19T20:56:19.957659,7.34,Unknown,Neutral,False,,2.0,8.2,177.8,178.4,174.3,173.1,63.4,Medium
2025-08-19T20:56:19.991762,7.38,Unknown,Neutral,False,,2.0,8.3,177.9,178.5,174.4,173.1,63.4,Medium
2025-08-19T20:56:20.026062,7.41,Unknown,Neutral,False,,2.0,8.3,178.0,178.6,174.4,173.1,63.4,Medium
2025-08-19T20:56:20.059441,7.44,Unknown,Neutral,False,,2.0,8.3,178.0,178.7,174.4,173.1,63.4,Medium
2025-08-19T20:56:20.092881,7.47,Unknown,Neutral,False,,2.0,8.3,178.0,178.7,174.4,173.1,63.4,Medium
2025-08-19T20:56:20.120148,7.5,Unknown,Neutral,False,,2.0,8.3,178.0,178.7,174.4,173.2,63.4,Medium
2025-08-19T20:56:20.154439,7.53,Unknown,Neutral,False,,1.9,8.2,177.9,178.7,174.4,173.2,63.5,Medium
2025-08-19T20:56:20.190162,7.58,Unknown,Neutral,False,,1.9,8.2,177.8,178.7,174.4,173.2,63.5,Medium
2025-08-19T20:56:20.213257,7.59,Unknown,Neutral,False,,1.9,8.2,177.8,178.7,174.4,173.3,63.5,Medium
2025-08-19T20:56:20.244945,7.62,Unknown,Neutral,False,,1.9,8.1,177.7,178.7,174.4,173.3,63.5,Medium
2025-08-19T20:56:20.293883,7.67,Unknown,Neutral,False,,1.8,8.1,177.7,178.7,174.4,173.2,63.5,Medium
2025-08-19T20:56:20.329023,7.7,Unknown,Neutral,False,,1.8,8.0,177.6,178.7,174.4,173.2,63.5,Medium
2025-08-19T20:56:20.365075,7.75,Unknown,Neutral,False,,1.7,8.0,177.6,178.7,174.4,173.1,63.5,Medium
2025-08-19T20:56:20.395069,7.78,Unknown,Neutral,False,,1.7,8.0,177.5,178.7,174.5,173.0,63.4,Medium
2025-08-19T20:56:20.429150,7.81,Unknown,Neutral,False,,1.7,8.0,177.5,178.7,174.5,173.0,63.4,Medium
2025-08-19T20:56:20.540216,7.92,Unknown,Neutral,False,,1.6,8.0,177.5,178.6,174.5,172.9,63.3,Medium
2025-08-19T20:56:20.616604,8.0,Unknown,Neutral,False,,1.6,8.1,177.5,178.6,174.5,172.9,63.3,Medium
2025-08-19T20:56:20.651188,8.03,Unknown,Neutral,False,,1.6,8.1,177.5,178.6,174.5,172.9,63.2,Medium
2025-08-19T20:56:20.694831,8.08,Unknown,Neutral,False,,1.6,8.2,177.5,178.6,174.5,172.8,63.2,Medium
2025-08-19T20:56:20.729447,8.11,Unknown,Neutral,False,,1.5,8.2,177.5,178.6,174.5,172.8,63.1,Medium
2025-08-19T20:56:20.770682,8.16,Unknown,Neutral,False,,1.5,8.3,177.5,178.6,174.5,172.8,63.1,Medium
2025-08-19T20:56:20.811780,8.19,Unknown,Neutral,False,,1.5,8.3,177.5,178.6,174.5,172.9,63.1,Medium
2025-08-19T20:56:20.849014,8.23,Unknown,Neutral,False,,1.4,8.4,177.5,178.6,174.5,172.9,63.2,Medium
2025-08-19T20:56:20.877370,8.27,Unknown,Neutral,False,,1.4,8.4,177.5,178.7,174.4,172.9,63.2,Medium
2025-08-19T20:56:20.912715,8.3,Unknown,Neutral,False,,1.3,8.5,177.5,178.6,174.4,173.0,63.2,Medium
2025-08-19T20:56:20.941019,8.33,Unknown,Neutral,False,,1.3,8.6,177.4,178.6,174.4,173.1,63.3,Medium
2025-08-19T20:56:20.967087,8.34,Unknown,Neutral,False,,1.2,8.8,177.4,178.6,174.4,173.1,63.4,Medium
2025-08-19T20:56:21.001688,8.39,Unknown,Neutral,False,,1.0,9.1,177.3,178.4,174.5,173.0,63.5,Medium
2025-08-19T20:56:21.036137,8.42,Unknown,Neutral,False,,0.8,9.2,177.3,178.4,174.5,172.8,63.6,Medium
2025-08-19T20:56:21.063540,8.45,Unknown,Neutral,False,,0.7,9.6,177.2,178.3,174.7,172.5,63.8,Medium
2025-08-19T20:56:21.091559,8.47,Unknown,Neutral,False,,0.6,9.9,177.2,178.3,174.7,172.3,64.0,Medium
2025-08-19T20:56:21.117431,8.5,Unknown,Neutral,False,,0.7,10.4,177.2,178.2,174.8,172.1,64.2,Medium
2025-08-19T20:56:21.151460,8.53,Unknown,Neutral,False,,0.8,10.7,177.2,178.3,174.8,172.0,64.3,Medium
2025-08-19T20:56:21.185857,8.56,Unknown,Neutral,False,,1.0,10.9,177.3,178.4,174.8,171.9,64.6,Medium
2025-08-19T20:56:21.219729,8.59,Unknown,Neutral,False,,1.1,10.7,177.3,178.4,174.7,171.9,64.8,Medium
2025-08-19T20:56:21.255135,8.64,Unknown,Neutral,False,,1.3,10.2,177.4,178.5,174.4,172.0,65.3,Medium
2025-08-19T20:56:21.287561,8.67,Unknown,Neutral,False,,1.1,10.0,177.6,178.7,174.0,172.5,65.6,Medium
2025-08-19T20:56:21.322558,8.7,Unknown,Neutral,False,,0.9,10.0,177.7,178.7,173.8,172.7,65.9,Medium
2025-08-19T20:56:21.356239,8.73,Unknown,Neutral,False,,1.0,10.3,177.9,178.8,173.5,172.9,66.5,Medium
2025-08-19T20:56:21.390071,8.77,Unknown,Neutral,False,,1.0,10.7,178.0,178.6,173.4,172.7,66.9,Medium
2025-08-19T20:56:21.417936,8.8,Unknown,Neutral,False,,1.1,10.9,178.0,178.7,173.1,172.8,67.7,Medium
2025-08-19T20:56:21.456102,8.84,Unknown,Neutral,False,,1.3,10.8,178.0,178.7,173.0,172.8,68.2,Medium
2025-08-19T20:56:21.497462,8.88,Unknown,Neutral,False,,1.6,10.7,178.1,178.8,173.1,172.7,68.6,Medium
2025-08-19T20:56:21.535599,8.92,Unknown,Neutral,False,,1.7,10.3,178.1,179.0,173.1,172.8,69.0,Medium
2025-08-19T20:56:21.575866,8.95,Unknown,Neutral,False,,1.8,10.1,178.0,179.0,173.1,173.0,69.3,Medium
2025-08-19T20:56:21.618789,9.0,Unknown,Neutral,False,,1.9,9.9,178.1,179.2,173.0,173.2,69.5,Medium
2025-08-19T20:56:21.647753,9.03,Unknown,Neutral,False,,2.0,9.5,178.1,179.3,172.9,173.3,69.4,Medium
2025-08-19T20:56:21.681729,9.06,Unknown,Neutral,False,,2.2,9.1,178.1,179.3,172.9,173.3,69.2,Medium
2025-08-19T20:56:21.715848,9.09,Unknown,Neutral,False,,2.3,8.7,178.1,179.5,172.9,173.3,69.0,Medium
2025-08-19T20:56:21.749262,9.12,Unknown,Neutral,False,,2.5,8.3,178.0,179.5,172.9,173.5,68.8,Medium
2025-08-19T20:56:21.783034,9.17,Unknown,Neutral,False,,2.5,7.9,178.0,179.7,172.8,173.7,68.7,Medium
2025-08-19T20:56:21.818467,9.2,Unknown,Neutral,False,,2.5,7.3,177.9,179.5,173.0,173.8,68.8,Medium
2025-08-19T20:56:21.850524,9.23,Unknown,Neutral,False,,2.5,6.6,177.9,179.4,173.1,173.9,68.7,Medium
2025-08-19T20:56:21.884325,9.27,Unknown,Neutral,False,,2.7,6.0,177.9,179.4,173.3,173.9,68.7,Medium
2025-08-19T20:56:21.941840,9.33,Unknown,Neutral,False,,2.8,5.5,177.9,179.5,173.4,173.9,68.6,Medium
2025-08-19T20:56:21.971214,9.36,Unknown,Neutral,False,,2.8,5.1,177.9,179.6,173.5,173.9,68.6,Medium
2025-08-19T20:56:22.004220,9.39,Unknown,Neutral,False,,2.9,4.8,177.9,179.6,173.6,173.9,68.5,Medium
2025-08-19T20:56:22.039312,9.42,Unknown,Neutral,False,,3.0,4.7,177.9,179.6,173.7,173.8,68.5,Medium
2025-08-19T20:56:22.073096,9.45,Unknown,Neutral,False,,3.1,4.5,177.9,179.6,173.8,173.7,68.5,Medium
2025-08-19T20:56:22.107214,9.48,Unknown,Neutral,False,,3.1,4.5,177.9,179.6,173.8,173.7,68.3,Medium
2025-08-19T20:56:22.141093,9.52,Unknown,Neutral,False,,3.2,4.4,177.9,179.7,173.9,173.6,68.2,Medium
2025-08-19T20:56:22.171269,9.55,Unknown,Neutral,False,,3.2,4.3,177.8,179.7,173.9,173.6,68.1,Medium
2025-08-19T20:56:22.204223,9.59,Unknown,Neutral,False,,3.2,4.2,177.8,179.7,173.9,173.5,68.1,Medium
2025-08-19T20:56:22.238266,9.62,Unknown,Neutral,False,,3.3,4.0,177.8,179.6,173.9,173.4,68.1,Medium
2025-08-19T20:56:22.264155,9.64,Unknown,Neutral,False,,3.3,3.9,177.8,179.6,174.0,173.3,68.0,Medium
2025-08-19T20:56:22.298305,9.69,Unknown,Neutral,False,,3.4,3.8,177.7,179.6,174.1,173.2,67.9,Medium
2025-08-19T20:56:22.332691,9.72,Unknown,Neutral,False,,3.4,3.7,177.7,179.5,174.1,173.1,67.9,Medium
2025-08-19T20:56:22.359446,9.73,Unknown,Neutral,False,,3.5,3.6,177.7,179.4,174.2,173.0,67.9,Medium
