timestamp,t_sec,overall_score,upper_body_score,lower_body_score,shoulders_score,symmetry_score,risk_level,recommendations_count
2025-08-19T20:56:13.618539,1.0,62.1,100.0,0.0,92.3,57.7,Medium,6
2025-08-19T20:56:13.652491,1.03,61.9,100.0,0.0,91.8,57.2,Medium,6
2025-08-19T20:56:13.686753,1.06,62.1,100.0,0.0,91.8,58.2,Medium,6
2025-08-19T20:56:13.720644,1.11,62.3,100.0,0.0,92.0,59.3,Medium,6
2025-08-19T20:56:13.755103,1.14,62.8,100.0,0.0,92.9,61.4,Medium,6
2025-08-19T20:56:13.788184,1.17,63.2,100.0,0.0,93.2,63.4,Medium,6
2025-08-19T20:56:13.823998,1.2,63.3,100.0,0.0,93.4,64.4,Medium,6
2025-08-19T20:56:13.856632,1.23,63.4,100.0,0.0,93.3,64.7,Medium,6
2025-08-19T20:56:13.890678,1.27,63.3,100.0,0.0,93.1,64.8,Medium,6
2025-08-19T20:56:13.925156,1.31,63.0,100.0,0.0,92.4,63.5,Medium,6
2025-08-19T20:56:13.958453,1.34,62.8,100.0,0.0,92.0,62.5,Medium,6
2025-08-19T20:56:13.992556,1.38,62.4,100.0,0.0,91.2,60.7,Medium,6
2025-08-19T20:56:14.026463,1.41,62.1,100.0,0.0,90.7,59.4,Medium,6
2025-08-19T20:56:14.069200,1.45,61.8,100.0,0.0,90.3,58.4,Medium,6
2025-08-19T20:56:14.103050,1.48,61.7,100.0,0.0,89.9,57.8,Medium,6
2025-08-19T20:56:14.137171,1.52,61.6,100.0,0.0,89.8,57.6,Medium,6
2025-08-19T20:56:14.172119,1.55,61.6,100.0,0.0,89.8,57.6,Medium,6
2025-08-19T20:56:14.204636,1.59,61.8,100.0,0.0,90.6,58.2,Medium,6
2025-08-19T20:56:14.238522,1.62,62.4,100.0,0.0,91.9,59.8,Medium,6
2025-08-19T20:56:14.272868,1.66,62.8,100.0,0.0,93.0,61.2,Medium,6
2025-08-19T20:56:14.306807,1.69,63.1,100.0,0.0,93.8,62.3,Medium,6
2025-08-19T20:56:14.340159,1.72,63.2,100.0,0.0,94.2,62.7,Medium,6
2025-08-19T20:56:14.372884,1.75,63.0,100.0,0.0,93.8,61.7,Medium,6
2025-08-19T20:56:14.406749,1.78,62.9,100.0,0.0,93.6,61.0,Medium,6
2025-08-19T20:56:14.440816,1.83,62.8,100.0,0.0,93.5,60.9,Medium,6
2025-08-19T20:56:14.474600,1.86,62.9,100.0,0.0,93.5,61.0,Medium,6
2025-08-19T20:56:14.507846,1.89,62.8,100.0,0.0,93.4,60.6,Medium,6
2025-08-19T20:56:14.541522,1.92,62.5,100.0,0.0,92.8,59.7,Medium,6
2025-08-19T20:56:14.575434,1.95,62.4,100.0,0.0,92.5,59.1,Medium,6
2025-08-19T20:56:14.609546,1.98,62.5,100.0,0.0,92.7,59.4,Medium,6
2025-08-19T20:56:14.643887,2.03,62.5,100.0,0.0,92.9,59.8,Medium,6
2025-08-19T20:56:14.678146,2.06,62.8,100.0,0.0,93.4,61.0,Medium,6
2025-08-19T20:56:14.712251,2.09,62.9,100.0,0.0,93.5,61.6,Medium,6
2025-08-19T20:56:14.746446,2.12,62.9,100.0,0.0,93.3,61.4,Medium,6
2025-08-19T20:56:14.780064,2.16,62.8,100.0,0.0,93.3,60.9,Medium,6
2025-08-19T20:56:14.812976,2.19,62.9,100.0,0.0,93.9,60.8,Medium,6
2025-08-19T20:56:14.847198,2.23,63.0,100.0,0.0,94.5,60.8,Medium,6
2025-08-19T20:56:14.882954,2.27,63.1,100.0,0.0,94.8,60.9,Medium,6
2025-08-19T20:56:14.915327,2.3,63.0,100.0,0.0,94.6,60.5,Medium,6
2025-08-19T20:56:14.949345,2.33,62.5,100.0,0.0,93.9,58.3,Medium,6
2025-08-19T20:56:14.987357,2.38,61.3,100.0,0.0,91.9,52.8,Medium,6
2025-08-19T20:56:15.017598,2.41,59.9,100.0,0.0,89.4,46.5,High,6
2025-08-19T20:56:15.051889,2.44,56.9,100.0,0.0,83.1,35.0,High,6
2025-08-19T20:56:15.085768,2.47,54.3,100.0,0.0,77.8,25.2,High,6
2025-08-19T20:56:15.119796,2.5,52.5,100.0,0.0,74.3,17.8,High,6
2025-08-19T20:56:15.153912,2.53,51.2,100.0,0.0,71.9,12.0,High,6
2025-08-19T20:56:15.187621,2.56,50.1,100.0,0.0,70.4,7.0,High,6
2025-08-19T20:56:15.225096,2.61,49.4,100.0,0.0,69.3,3.3,High,6
2025-08-19T20:56:15.255529,2.64,49.0,100.0,0.0,69.0,0.9,High,6
2025-08-19T20:56:15.289617,2.67,49.6,100.0,0.0,70.9,2.8,High,6
2025-08-19T20:56:15.325146,2.7,51.2,100.0,0.0,74.2,8.9,High,6
2025-08-19T20:56:15.357402,2.73,54.3,100.0,0.0,80.3,21.7,High,6
2025-08-19T20:56:15.391308,2.77,56.7,100.0,0.0,84.9,31.5,High,6
2025-08-19T20:56:15.425030,2.81,58.8,100.0,0.0,88.9,40.2,High,6
2025-08-19T20:56:15.459335,2.84,60.6,100.0,0.0,92.2,47.7,Medium,6
2025-08-19T20:56:15.493150,2.88,62.4,100.0,0.0,95.2,55.6,Medium,6
2025-08-19T20:56:15.527112,2.91,63.8,100.0,0.0,97.6,62.0,Medium,6
2025-08-19T20:56:15.564499,2.95,64.9,100.0,0.0,99.5,66.8,Medium,6
2025-08-19T20:56:15.588561,2.97,65.5,100.0,0.0,100.0,70.3,Medium,2
2025-08-19T20:56:15.625129,3.0,65.8,100.0,0.0,100.0,72.0,Medium,2
2025-08-19T20:56:15.657092,3.03,66.1,100.0,0.0,100.0,73.8,Medium,2
2025-08-19T20:56:15.683437,3.06,66.4,100.0,0.0,100.0,75.7,Medium,2
2025-08-19T20:56:15.717414,3.09,66.6,100.0,0.0,100.0,77.1,Medium,2
2025-08-19T20:56:15.755049,3.14,66.7,100.0,0.0,100.0,77.9,Medium,2
2025-08-19T20:56:15.786036,3.17,66.7,100.0,0.0,100.0,78.3,Medium,2
2025-08-19T20:56:15.820392,3.2,66.9,100.0,0.0,100.0,79.0,Medium,2
2025-08-19T20:56:15.854336,3.23,67.0,100.0,0.0,100.0,80.2,Medium,2
2025-08-19T20:56:15.888598,3.27,67.3,100.0,0.0,100.0,81.9,Medium,2
2025-08-19T20:56:15.921920,3.3,67.4,100.0,0.0,100.0,82.6,Medium,2
2025-08-19T20:56:15.955995,3.34,67.4,100.0,0.0,100.0,82.6,Medium,2
2025-08-19T20:56:15.990250,3.38,67.2,100.0,0.0,100.0,81.5,Medium,2
2025-08-19T20:56:16.030496,3.41,66.6,100.0,0.0,100.0,77.1,Medium,2
2025-08-19T20:56:16.060855,3.44,65.9,100.0,0.0,100.0,72.7,Medium,2
2025-08-19T20:56:16.092086,3.47,65.0,100.0,0.0,100.0,66.8,Medium,4
2025-08-19T20:56:16.126168,3.52,62.9,100.0,0.0,97.1,56.8,Medium,6
2025-08-19T20:56:16.160265,3.55,59.4,100.0,0.0,89.2,43.9,High,7
2025-08-19T20:56:16.194578,3.58,55.8,99.7,0.0,81.6,30.8,High,7
2025-08-19T20:56:16.226165,3.61,53.2,98.9,0.0,77.4,20.6,High,7
2025-08-19T20:56:16.260065,3.64,54.5,98.3,0.0,82.0,24.6,High,7
2025-08-19T20:56:16.294073,3.67,55.2,98.9,0.0,82.4,27.5,High,7
2025-08-19T20:56:16.328288,3.7,55.6,99.8,0.0,81.5,29.2,High,7
2025-08-19T20:56:16.364196,3.75,57.3,100.0,0.0,83.9,36.7,High,6
2025-08-19T20:56:16.400701,3.78,59.8,100.0,0.0,88.6,47.3,High,6
2025-08-19T20:56:16.443744,3.83,62.2,100.0,0.0,93.4,56.8,Medium,6
2025-08-19T20:56:16.481317,3.86,64.5,100.0,0.0,98.6,65.4,Medium,6
2025-08-19T20:56:16.511449,3.89,65.5,100.0,0.0,100.0,70.2,Medium,2
2025-08-19T20:56:16.545653,3.92,66.1,100.0,0.0,100.0,74.0,Medium,2
2025-08-19T20:56:16.579762,3.97,66.3,100.0,0.0,100.0,75.1,Medium,2
2025-08-19T20:56:16.616840,4.0,63.1,100.0,0.0,95.6,59.8,Medium,6
2025-08-19T20:56:16.646725,4.03,64.3,100.0,0.0,98.0,64.3,Medium,6
2025-08-19T20:56:16.696228,4.08,62.1,100.0,0.0,93.2,56.6,Medium,6
2025-08-19T20:56:16.730590,4.11,61.1,100.0,0.0,91.3,52.5,Medium,6
2025-08-19T20:56:16.764328,4.14,59.0,100.0,0.0,87.5,43.3,High,6
2025-08-19T20:56:16.797322,4.17,57.3,99.9,0.0,84.6,36.1,High,7
2025-08-19T20:56:16.830538,4.22,56.3,99.7,0.0,83.2,32.1,High,7
2025-08-19T20:56:16.864268,4.25,57.1,99.4,0.0,85.5,34.9,High,7
2025-08-19T20:56:16.898269,4.28,57.6,99.4,0.0,86.6,36.5,High,7
2025-08-19T20:56:16.935121,4.31,59.1,99.7,0.0,89.5,41.8,High,7
2025-08-19T20:56:16.965311,4.34,60.8,100.0,0.0,93.0,48.2,Medium,6
2025-08-19T20:56:16.998296,4.38,62.1,100.0,0.0,95.8,53.1,Medium,6
2025-08-19T20:56:17.039705,4.42,63.3,100.0,0.0,98.2,57.6,Medium,6
2025-08-19T20:56:17.074462,4.45,64.2,100.0,0.0,100.0,61.4,Medium,4
2025-08-19T20:56:17.114253,4.5,64.7,100.0,0.0,100.0,64.5,Medium,4
2025-08-19T20:56:17.148698,4.53,65.0,100.0,0.0,100.0,66.6,Medium,4
2025-08-19T20:56:17.179303,4.56,65.3,100.0,0.0,100.0,69.0,Medium,4
2025-08-19T20:56:17.207668,4.59,65.7,100.0,0.0,100.0,71.3,Medium,2
2025-08-19T20:56:17.236948,4.62,66.0,100.0,0.0,100.0,73.6,Medium,2
2025-08-19T20:56:17.273228,4.66,66.2,100.0,0.0,100.0,74.8,Medium,2
2025-08-19T20:56:17.342302,4.72,66.3,100.0,0.0,100.0,75.5,Medium,2
2025-08-19T20:56:17.390396,4.77,66.4,100.0,0.0,100.0,76.3,Medium,2
2025-08-19T20:56:17.425545,4.81,66.6,100.0,0.0,100.0,77.5,Medium,2
2025-08-19T20:56:17.452132,4.83,66.6,100.0,0.0,100.0,77.4,Medium,2
2025-08-19T20:56:17.482150,4.86,66.6,100.0,0.0,100.0,77.6,Medium,2
2025-08-19T20:56:17.517545,4.89,66.7,100.0,0.0,100.0,77.7,Medium,2
2025-08-19T20:56:17.549310,4.94,66.7,100.0,0.0,100.0,78.2,Medium,2
2025-08-19T20:56:17.579395,4.97,66.7,100.0,0.0,100.0,77.8,Medium,2
2025-08-19T20:56:17.610306,4.98,66.6,100.0,0.0,100.0,77.0,Medium,2
2025-08-19T20:56:17.636090,5.02,66.4,100.0,0.0,100.0,76.3,Medium,2
2025-08-19T20:56:17.672186,5.05,66.4,100.0,0.0,100.0,75.8,Medium,2
2025-08-19T20:56:17.708871,5.09,66.3,100.0,0.0,100.0,75.6,Medium,2
2025-08-19T20:56:17.751839,5.12,66.3,100.0,0.0,100.0,75.6,Medium,2
2025-08-19T20:56:17.790529,5.17,66.3,100.0,0.0,100.0,75.6,Medium,2
2025-08-19T20:56:17.817819,5.2,66.4,100.0,0.0,100.0,75.9,Medium,2
2025-08-19T20:56:17.859615,5.23,66.4,100.0,0.0,100.0,75.9,Medium,2
2025-08-19T20:56:17.894311,5.28,66.4,100.0,0.0,100.0,76.1,Medium,2
2025-08-19T20:56:17.930812,5.31,66.4,100.0,0.0,100.0,76.3,Medium,2
2025-08-19T20:56:17.966895,5.34,66.4,100.0,0.0,100.0,76.1,Medium,2
2025-08-19T20:56:18.000534,5.38,66.5,100.0,0.0,100.0,76.6,Medium,2
2025-08-19T20:56:18.048226,5.42,66.5,100.0,0.0,100.0,76.9,Medium,2
2025-08-19T20:56:18.086350,5.47,66.6,100.0,0.0,100.0,77.1,Medium,2
2025-08-19T20:56:18.127689,5.52,66.6,100.0,0.0,100.0,77.1,Medium,2
2025-08-19T20:56:18.177653,5.56,66.5,100.0,0.0,100.0,77.0,Medium,2
2025-08-19T20:56:18.222386,5.59,66.6,100.0,0.0,100.0,77.0,Medium,2
2025-08-19T20:56:18.248517,5.62,66.5,100.0,0.0,100.0,76.8,Medium,2
2025-08-19T20:56:18.285268,5.67,66.5,100.0,0.0,100.0,76.5,Medium,2
2025-08-19T20:56:18.318226,5.7,66.4,100.0,0.0,100.0,76.2,Medium,2
2025-08-19T20:56:18.350373,5.73,66.4,100.0,0.0,100.0,75.9,Medium,2
2025-08-19T20:56:18.375841,5.75,66.4,100.0,0.0,100.0,75.9,Medium,2
2025-08-19T20:56:18.411600,5.8,66.4,100.0,0.0,100.0,75.9,Medium,2
2025-08-19T20:56:18.443895,5.83,66.4,100.0,0.0,100.0,76.0,Medium,2
2025-08-19T20:56:18.490741,5.88,66.4,100.0,0.0,100.0,75.8,Medium,2
2025-08-19T20:56:18.518420,5.91,66.3,100.0,0.0,100.0,75.7,Medium,2
2025-08-19T20:56:18.550562,5.94,66.4,100.0,0.0,100.0,75.7,Medium,2
2025-08-19T20:56:18.582091,5.97,66.3,100.0,0.0,100.0,75.1,Medium,2
2025-08-19T20:56:18.614171,6.0,66.1,100.0,0.0,100.0,74.1,Medium,2
2025-08-19T20:56:18.646073,6.03,66.1,100.0,0.0,100.0,73.9,Medium,2
2025-08-19T20:56:18.681044,6.06,66.1,100.0,0.0,100.0,73.9,Medium,2
2025-08-19T20:56:18.711101,6.09,66.1,100.0,0.0,100.0,73.9,Medium,2
2025-08-19T20:56:18.740705,6.12,65.9,100.0,0.0,100.0,72.9,Medium,2
2025-08-19T20:56:18.773937,6.16,65.8,100.0,0.0,100.0,72.3,Medium,2
2025-08-19T20:56:18.808388,6.19,65.7,100.0,0.0,100.0,71.1,Medium,2
2025-08-19T20:56:18.852929,6.23,65.5,100.0,0.0,100.0,70.2,Medium,2
2025-08-19T20:56:18.889425,6.27,65.4,100.0,0.0,100.0,69.3,Medium,4
2025-08-19T20:56:18.919740,6.3,65.4,100.0,0.0,100.0,69.1,Medium,4
2025-08-19T20:56:18.951748,6.33,65.3,100.0,0.0,100.0,68.6,Medium,4
2025-08-19T20:56:18.983392,6.36,65.1,100.0,0.0,100.0,67.5,Medium,4
2025-08-19T20:56:19.016372,6.39,64.8,100.0,0.0,100.0,65.6,Medium,4
2025-08-19T20:56:19.046391,6.42,64.4,100.0,0.0,100.0,62.8,Medium,4
2025-08-19T20:56:19.080939,6.47,64.2,100.0,0.0,100.0,61.1,Medium,4
2025-08-19T20:56:19.118925,6.5,64.1,100.0,0.0,100.0,60.5,Medium,4
2025-08-19T20:56:19.150814,6.53,64.1,100.0,0.0,100.0,60.6,Medium,4
2025-08-19T20:56:19.182909,6.56,64.1,100.0,0.0,100.0,60.7,Medium,4
2025-08-19T20:56:19.233522,6.61,64.5,100.0,0.0,100.0,63.1,Medium,4
2025-08-19T20:56:19.277522,6.66,64.5,100.0,0.0,100.0,63.2,Medium,4
2025-08-19T20:56:19.321040,6.7,64.5,100.0,0.0,100.0,63.7,Medium,4
2025-08-19T20:56:19.349553,6.73,64.7,100.0,0.0,100.0,64.5,Medium,4
2025-08-19T20:56:19.377446,6.77,64.7,100.0,0.0,100.0,64.9,Medium,4
2025-08-19T20:56:19.414587,6.8,64.8,100.0,0.0,100.0,65.3,Medium,4
2025-08-19T20:56:19.456198,6.84,64.7,100.0,0.0,100.0,64.9,Medium,4
2025-08-19T20:56:19.496993,6.88,64.6,100.0,0.0,100.0,64.3,Medium,4
2025-08-19T20:56:19.529457,6.91,64.4,100.0,0.0,100.0,63.0,Medium,4
2025-08-19T20:56:19.557074,6.94,64.5,100.0,0.0,100.0,63.1,Medium,4
2025-08-19T20:56:19.591604,6.97,64.4,100.0,0.0,100.0,62.6,Medium,4
2025-08-19T20:56:19.615446,7.0,64.2,100.0,0.0,100.0,61.3,Medium,4
2025-08-19T20:56:19.645046,7.03,64.0,100.0,0.0,100.0,60.1,Medium,4
2025-08-19T20:56:19.667551,7.05,63.9,100.0,0.0,100.0,59.6,Medium,4
2025-08-19T20:56:19.693854,7.08,63.9,100.0,0.0,100.0,59.4,Medium,4
2025-08-19T20:56:19.719674,7.09,63.9,100.0,0.0,100.0,59.3,Medium,4
2025-08-19T20:56:19.748073,7.12,63.8,100.0,0.0,100.0,58.4,Medium,4
2025-08-19T20:56:19.787156,7.17,63.6,100.0,0.0,100.0,57.5,Medium,4
2025-08-19T20:56:19.819311,7.2,63.6,100.0,0.0,100.0,57.0,Medium,4
2025-08-19T20:56:19.845204,7.23,63.5,100.0,0.0,100.0,56.8,Medium,4
2025-08-19T20:56:19.877473,7.27,63.5,100.0,0.0,100.0,56.7,Medium,4
2025-08-19T20:56:19.909226,7.3,63.5,100.0,0.0,100.0,56.5,Medium,4
2025-08-19T20:56:19.957659,7.34,63.4,100.0,0.0,100.0,56.3,Medium,4
2025-08-19T20:56:19.991762,7.38,63.4,100.0,0.0,100.0,56.2,Medium,4
2025-08-19T20:56:20.026062,7.41,63.4,100.0,0.0,100.0,56.2,Medium,4
2025-08-19T20:56:20.059441,7.44,63.4,100.0,0.0,100.0,56.1,Medium,4
2025-08-19T20:56:20.092881,7.47,63.4,100.0,0.0,100.0,56.1,Medium,4
2025-08-19T20:56:20.120148,7.5,63.4,100.0,0.0,100.0,56.2,Medium,4
2025-08-19T20:56:20.154439,7.53,63.5,100.0,0.0,100.0,56.4,Medium,4
2025-08-19T20:56:20.190162,7.58,63.5,100.0,0.0,100.0,56.5,Medium,4
2025-08-19T20:56:20.213257,7.59,63.5,100.0,0.0,100.0,56.7,Medium,4
2025-08-19T20:56:20.248272,7.62,63.5,100.0,0.0,100.0,56.7,Medium,4
2025-08-19T20:56:20.293883,7.67,63.5,100.0,0.0,100.0,56.8,Medium,4
2025-08-19T20:56:20.329023,7.7,63.5,100.0,0.0,100.0,56.6,Medium,4
2025-08-19T20:56:20.369555,7.75,63.5,100.0,0.0,100.0,56.4,Medium,4
2025-08-19T20:56:20.395069,7.78,63.4,100.0,0.0,100.0,56.2,Medium,4
2025-08-19T20:56:20.429150,7.81,63.4,100.0,0.0,100.0,56.0,Medium,4
2025-08-19T20:56:20.540216,7.92,63.3,100.0,0.0,100.0,55.6,Medium,4
2025-08-19T20:56:20.617605,8.0,63.3,100.0,0.0,100.0,55.3,Medium,4
2025-08-19T20:56:20.652199,8.03,63.2,100.0,0.0,100.0,55.0,Medium,4
2025-08-19T20:56:20.694831,8.08,63.2,100.0,0.0,100.0,54.6,Medium,4
2025-08-19T20:56:20.729447,8.11,63.1,100.0,0.0,100.0,54.3,Medium,4
2025-08-19T20:56:20.771537,8.16,63.1,100.0,0.0,100.0,54.2,Medium,4
2025-08-19T20:56:20.811780,8.19,63.1,100.0,0.0,100.0,54.3,Medium,4
2025-08-19T20:56:20.849014,8.23,63.2,100.0,0.0,100.0,54.4,Medium,4
2025-08-19T20:56:20.877370,8.27,63.2,100.0,0.0,100.0,54.7,Medium,4
2025-08-19T20:56:20.912715,8.3,63.2,100.0,0.0,100.0,55.0,Medium,4
2025-08-19T20:56:20.941019,8.33,63.3,100.0,0.0,100.0,55.2,Medium,4
2025-08-19T20:56:20.967087,8.34,63.4,100.0,0.0,100.0,55.9,Medium,4
2025-08-19T20:56:21.001688,8.39,63.5,100.0,0.0,100.0,56.7,Medium,4
2025-08-19T20:56:21.036137,8.42,63.6,100.0,0.0,100.0,57.3,Medium,4
2025-08-19T20:56:21.063540,8.45,63.8,100.0,0.0,100.0,58.6,Medium,4
2025-08-19T20:56:21.091559,8.47,64.0,100.0,0.0,100.0,59.9,Medium,4
2025-08-19T20:56:21.117431,8.5,64.2,100.0,0.0,100.0,61.1,Medium,4
2025-08-19T20:56:21.151460,8.53,64.3,100.0,0.0,100.0,62.2,Medium,4
2025-08-19T20:56:21.185857,8.56,64.6,100.0,0.0,100.0,63.8,Medium,4
2025-08-19T20:56:21.219729,8.59,64.8,100.0,0.0,100.0,65.6,Medium,4
2025-08-19T20:56:21.255135,8.64,65.3,100.0,0.0,100.0,68.4,Medium,4
2025-08-19T20:56:21.287561,8.67,65.6,100.0,0.0,100.0,70.9,Medium,2
2025-08-19T20:56:21.322558,8.7,65.9,100.0,0.0,100.0,72.9,Medium,2
2025-08-19T20:56:21.356239,8.73,66.5,100.0,0.0,100.0,76.7,Medium,2
2025-08-19T20:56:21.390071,8.77,66.9,100.0,0.0,100.0,79.5,Medium,2
2025-08-19T20:56:21.417936,8.8,67.7,100.0,0.0,100.0,84.4,Medium,2
2025-08-19T20:56:21.456102,8.84,68.2,100.0,0.0,100.0,88.0,Medium,2
2025-08-19T20:56:21.497462,8.88,68.6,100.0,0.0,100.0,90.6,Medium,2
2025-08-19T20:56:21.536603,8.92,69.0,100.0,0.0,100.0,93.5,Medium,2
2025-08-19T20:56:21.575866,8.95,69.3,100.0,0.0,100.0,95.2,Medium,2
2025-08-19T20:56:21.618789,9.0,69.5,100.0,0.0,100.0,96.4,Medium,2
2025-08-19T20:56:21.647753,9.03,69.4,100.0,0.0,100.0,95.9,Medium,2
2025-08-19T20:56:21.681729,9.06,69.2,100.0,0.0,100.0,94.5,Medium,2
2025-08-19T20:56:21.715848,9.09,69.0,100.0,0.0,100.0,93.1,Medium,2
2025-08-19T20:56:21.749262,9.12,68.8,100.0,0.0,100.0,92.2,Medium,2
2025-08-19T20:56:21.783034,9.17,68.7,100.0,0.0,100.0,91.5,Medium,2
2025-08-19T20:56:21.818467,9.2,68.8,100.0,0.0,100.0,91.7,Medium,2
2025-08-19T20:56:21.850524,9.23,68.7,100.0,0.0,100.0,91.6,Medium,2
2025-08-19T20:56:21.884325,9.27,68.7,100.0,0.0,100.0,91.3,Medium,2
2025-08-19T20:56:21.941840,9.33,68.6,100.0,0.0,100.0,90.8,Medium,2
2025-08-19T20:56:21.971214,9.36,68.6,100.0,0.0,100.0,90.4,Medium,2
2025-08-19T20:56:22.004220,9.39,68.5,100.0,0.0,100.0,90.3,Medium,2
2025-08-19T20:56:22.039312,9.42,68.5,100.0,0.0,100.0,90.1,Medium,2
2025-08-19T20:56:22.073096,9.45,68.5,100.0,0.0,100.0,89.8,Medium,2
2025-08-19T20:56:22.107214,9.48,68.3,100.0,0.0,100.0,89.0,Medium,2
2025-08-19T20:56:22.141093,9.52,68.2,100.0,0.0,100.0,88.1,Medium,2
2025-08-19T20:56:22.171269,9.55,68.1,100.0,0.0,100.0,87.4,Medium,2
2025-08-19T20:56:22.204223,9.59,68.1,100.0,0.0,100.0,87.2,Medium,2
2025-08-19T20:56:22.238266,9.62,68.1,100.0,0.0,100.0,87.1,Medium,2
2025-08-19T20:56:22.264155,9.64,68.0,100.0,0.0,100.0,86.5,Medium,2
2025-08-19T20:56:22.298305,9.69,67.9,100.0,0.0,100.0,86.2,Medium,2
2025-08-19T20:56:22.332691,9.72,67.9,100.0,0.0,100.0,86.1,Medium,2
2025-08-19T20:56:22.359446,9.73,67.9,100.0,0.0,100.0,86.0,Medium,2
